[
    {
        "id": "1",
        "imageUrl": "https://th.bing.com/th/id/OIP.rad-kTKfYIrw6u1dXfz7WwHaEK?w=672&h=378&rs=1&pid=ImgDetMainhttps://i.ytimg.com/vi/VOjvT1irkxk/maxresdefault.jpg",
        "title": "Tom & Jerry | Can They Ever Live in Peace? | Classic Cartoon Compilation | WB Kids",
        "views": "4.6M views  3 years ago",
        "description": "We all know that Tom & Jerry brings chaos to wherever they go, can you imagine that one day, they might be able to live in peace? Catch up with Tom & Jerry as they chase each other, avoid Spike, and play with friends like Little Quacker and Butch the cat.",
        "channelImgSrc": "https://th.bing.com/th/id/R.35db27cea73fb6dcd53d50df99d86066?rik=b0IWGJ3YatHR7w&riu=http%3a%2f%2fwww.jpegwallpapers.com%2fimages%2fwallpapers%2fTom-and-Jerry-985632.jpeg&ehk=bqEYnwEOi3Uo2mF5KdsAPJeNfXxhggVx1flcnqX1Xq0%3d&risl=&pid=ImgRaw&r=0"
      },
      {
        "id": "2",
        "imageUrl": "https://th.bing.com/th/id/OIP.JSE8CvRzPFswTBOwkx0lVgAAAA?rs=1&pid=ImgDetMain",
        "title": "Tom & Jerry | A Day With Tom & Jerry | Classic Cartoon Compilation | WB Kids",
        "views": "135M views  3 years ago",
        "description": "Follow Tom & Jerry adventure as they run around all day long! Catch up with Tom & Jerry as they chase each other, avoid Spike, and play with friends like Little Quacker and Butch the cat.",
        "channelImgSrc": "https://th.bing.com/th/id/R.35db27cea73fb6dcd53d50df99d86066?rik=b0IWGJ3YatHR7w&riu=http%3a%2f%2fwww.jpegwallpapers.com%2fimages%2fwallpapers%2fTom-and-Jerry-985632.jpeg&ehk=bqEYnwEOi3Uo2mF5KdsAPJeNfXxhggVx1flcnqX1Xq0%3d&risl=&pid=ImgRaw&r=0"
      },
      {
        "id": "3",
        "imageUrl": "https://i.ytimg.com/vi/xz7ZoHbp0vQ/maxresdefault.jpg",
        "title": "Tom & Jerry | Jerry and Jumbo Team Up | Classic Cartoon | WB Kids",
        "views": "6.7M views  3 years ago",
        "description": "Tom is up to his usual mischief, and Jerry and Jumbo are teaming up to teach him a lesson! Catch up with Tom & Jerry as they chase each other, avoid Spike, and play with friends like Little Quacker and Butch the cat.",
        "channelImgSrc": "https://th.bing.com/th/id/R.35db27cea73fb6dcd53d50df99d86066?rik=b0IWGJ3YatHR7w&riu=http%3a%2f%2fwww.jpegwallpapers.com%2fimages%2fwallpapers%2fTom-and-Jerry-985632.jpeg&ehk=bqEYnwEOi3Uo2mF5KdsAPJeNfXxhggVx1flcnqX1Xq0%3d&risl=&pid=ImgRaw&r=0"
      },
      {
        "id": "4",
        "imageUrl": "https://i.ytimg.com/vi/WZhIcS4adwE/maxresdefault.jpg",
        "title": "Tom & Jerry | Lessons At Home! | Classic Cartoon Compilation | WB Kids",
        "views": "21M views  3 years ago",
        "description": "Catch up with Tom & Jerry as they chase each other, avoid Spike, and play with friends like Little Quacker and Butch the cat. WB Kids is the home of all of your favorite clips featuring characters from the Looney Tunes, Scooby-Doo, Tom and Jerry and More!",
        "channelImgSrc": "https://th.bing.com/th/id/R.35db27cea73fb6dcd53d50df99d86066?rik=b0IWGJ3YatHR7w&riu=http%3a%2f%2fwww.jpegwallpapers.com%2fimages%2fwallpapers%2fTom-and-Jerry-985632.jpeg&ehk=bqEYnwEOi3Uo2mF5KdsAPJeNfXxhggVx1flcnqX1Xq0%3d&risl=&pid=ImgRaw&r=0"
      },
      {
        "id": "5",
        "imageUrl": "https://i.ytimg.com/vi/T-YYPF55IrM/maxresdefault.jpg",
        "title": "Tom and Jerry The Night Before Christmas",
        "views": "627 views  5 years ago",
        "description": "Tom and Jerry is an American animated series of short films created in 1940 by William Hanna and Joseph Barbera. It centers on a rivalry between its two title characters, Tom, a cat, and Jerry, a mouse, and many recurring characters.",
        "channelImgSrc": "https://th.bing.com/th/id/R.35db27cea73fb6dcd53d50df99d86066?rik=b0IWGJ3YatHR7w&riu=http%3a%2f%2fwww.jpegwallpapers.com%2fimages%2fwallpapers%2fTom-and-Jerry-985632.jpeg&ehk=bqEYnwEOi3Uo2mF5KdsAPJeNfXxhggVx1flcnqX1Xq0%3d&risl=&pid=ImgRaw&r=0"
      }
]
